Doctor Strange in the Multiverse of Madness,Benedict Cumberbatch,Elizabeth Olsen,Kevin Feige,Sam Raimi,Marvel Studios,13
Jurassic World Dominion (2022),Chris Pratt,Bryce Dallas Howard,Frank Marshall,Colin Trevorrow,Universal Pictures,9
Memory (2022),Liam Neeson,Guy Pearce,Cathy Schulman,Martin Campbell,Black Bear Pictures,3
The Batman (2022),Robert Pattinson,Zoe Kravitz,Dylan Clark,Matt Reeves,Dylan Clark Productions,7
Encanto (2021),Stephanie Beatriz,Maria Cecilia Botero,Yvett Merino,Byron Howard,Walt Disney Animation Studios,0
Turning Red (2022),Rosalie Chiang,Sandra Oh,Lindsey Collins,Dome Shi,Walt Disney Picture,14
