Viony,Lim,19275,VionyLim@gmail.com,10298769,3786109678,Doctor Strange in the Multiverse of Madness ; Turning Red (2022)
Kelvin,Sofjan,27394,KelvinSofjan@gmail.com,12984744,5729380129,The Batman (2022)
Bryan,Linardi,56734,BryanLinardi@gmail.com,1928376,9023847692,Doctor Strange in the Multiverse of Madness ; Jurassic World Dominion (2022) ; The Batman (2022) ; Memory (2022) ; Turning Red (2022)
Galadriel,Nala,78490,Gnala@gmail.com,384283485,39483847573,
Euginia,Ellendy,83748,EuginiaEllen@gmail.com,34829856,4682039476,
Meilisa,Lin,91827,Meilisa@gmail.com,4899256,3847203948,
